player_name,player_name_clean,suggested_match,confidence,accepted_automatically
Ravichandaran Ashwin,ravichandaran ashwin,ravichandran ashwin,0.9743589743589743,True
Nitish Kumar Reddy ,nitish kumar reddy,nithish kumar reddy,0.972972972972973,True
Parveez Rasool,parveez rasool,parvez rasool,0.9629629629629629,True
Iqbal Abdullah,iqbal abdullah,iqbal abdulla,0.9629629629629629,True
Iqbal Abdullah,iqbal abdullah,iqbal abdulla,0.9629629629629629,True
Litton Das ,litton das,liton das,0.9473684210526315,True
Sam Curran  ,sam curran,sm curran,0.9473684210526315,True
Sam Curran ,sam curran,sm curran,0.9473684210526315,True
Sam Curran,sam curran,sm curran,0.9473684210526315,True
Sam Curran,sam curran,sm curran,0.9473684210526315,True
J. Suchitch,j suchitch,j suchith,0.9473684210526315,True
Ryan Ten Doeschate,ryan ten doeschate,rn ten doeschate,0.9411764705882353,True
Prasidh Krishna,prasidh krishna,m prasidh krishna,0.9375,True
Sandeep Warrier,sandeep warrier,s sandeep warrier,0.9375,True
Tom Kohler-Cadmore ,tom kohlercadmore,t kohlercadmore,0.9375,True
Prasidh Krishna ,prasidh krishna,m prasidh krishna,0.9375,True
Joe Root ,joe root,je root,0.9333333333333333,True
Monu Singh,monu singh,mandeep singh,0.93,True
Mohd. Arshad Khan,mohd arshad khan,mohsin khan,0.93,True
Mohit Sharma,mohit sharma,mm sharma,0.93,True
Mohit Sharma,mohit sharma,mm sharma,0.93,True
Mohit Sharma,mohit sharma,mm sharma,0.93,True
Mohit Sharma,mohit sharma,mm sharma,0.93,True
Pradeep Sangwan,pradeep sangwan,pj sangwan,0.93,True
Mohit Sharma,mohit sharma,mm sharma,0.93,True
Mohit Sharma ,mohit sharma,mm sharma,0.93,True
Mohit Sharma,mohit sharma,mm sharma,0.93,True
Moises Henriques,moises henriques,mc henriques,0.93,True
Moises Henriques,moises henriques,mc henriques,0.93,True
Moises Henriques ,moises henriques,mc henriques,0.93,True
Morne Morkel,morne morkel,m morkel,0.93,True
Pradeep Sangwan ,pradeep sangwan,pj sangwan,0.93,True
Mujeeb Rahman ,mujeeb rahman,mujeeb ur rahman,0.93,True
Munaf Patel,munaf patel,mm patel,0.93,True
Murali Kartik,murali kartik,m kartik,0.93,True
Murali Vijay,murali vijay,m vijay,0.93,True
Pradeep Sangwan,pradeep sangwan,pj sangwan,0.93,True
Prabhsimran Singh ,prabhsimran singh,p simran singh,0.93,True
Murali Vijay,murali vijay,m vijay,0.93,True
Murali Vijay,murali vijay,m vijay,0.93,True
Murugan Ashwin ,murugan ashwin,m ashwin,0.93,True
Murugan Ashwin ,murugan ashwin,m ashwin,0.93,True
Muttiah Muralitharan,muttiah muralitharan,m muralitharan,0.93,True
Naman Ojha,naman ojha,nv ojha,0.93,True
Mohd. Arshad Khan ,mohd arshad khan,mohsin khan,0.93,True
Pragyan Ojha,pragyan ojha,pp ojha,0.93,True
Nandre Burger ,nandre burger,n burger,0.93,True
Mitchell Santner  ,mitchell santner,mj santner,0.93,True
Milind Kumar,milind kumar,monu kumar,0.93,True
Mitchell Johnson,mitchell johnson,mg johnson,0.93,True
Prashant Solanki ,prashant solanki,ph solanki,0.93,True
Mitchell Johnson,mitchell johnson,mg johnson,0.93,True
Mitchell Johnson,mitchell johnson,mg johnson,0.93,True
Mitchell Marsh,mitchell marsh,mr marsh,0.93,True
Mitchell Marsh,mitchell marsh,mr marsh,0.93,True
Mitchell Marsh ,mitchell marsh,mr marsh,0.93,True
Mitchell Marsh  ,mitchell marsh,mr marsh,0.93,True
Mitchell McClenaghan,mitchell mcclenaghan,mj mcclenaghan,0.93,True
Mitchell Santner,mitchell santner,mj santner,0.93,True
Mitchell Santner ,mitchell santner,mj santner,0.93,True
Mithun Manhas,mithun manhas,m manhas,0.93,True
Pragyan Ojha,pragyan ojha,pp ojha,0.93,True
Moeen Ali,moeen ali,mm ali,0.93,True
Moeen Ali,moeen ali,mm ali,0.93,True
Moeen Ali  ,moeen ali,mm ali,0.93,True
Mohammad Shami,mohammad shami,mohammed shami,0.93,True
Mohammad Shami,mohammad shami,mohammed shami,0.93,True
Mohammad Shami,mohammad shami,mohammed shami,0.93,True
Mohammad Shami ,mohammad shami,mohammed shami,0.93,True
Prashant Chopra,prashant chopra,p chopra,0.93,True
Mohammad Shami,mohammad shami,mohammed shami,0.93,True
Mohammad Siraj,mohammad siraj,mohammed siraj,0.93,True
Mohd. Arshad Khan ,mohd arshad khan,mohsin khan,0.93,True
Prasanth Parameswaran,prasanth parameswaran,p parameswaran,0.93,True
Naman Ojha,naman ojha,nv ojha,0.93,True
Nathan Coulter-Nile,nathan coulternile,nm coulternile,0.93,True
Piyush Chawla,piyush chawla,pp chawla,0.93,True
Parvinder Awana,parvinder awana,p awana,0.93,True
Obed Mccoy ,obed mccoy,oc mccoy,0.93,True
Odean Smith ,odean smith,of smith,0.93,True
Odean Smith ,odean smith,of smith,0.93,True
Oshane Thomas ,oshane thomas,o thomas,0.93,True
Oshane Thomas ,oshane thomas,o thomas,0.93,True
Paras Dogra,paras dogra,p dogra,0.93,True
Pardeep Sahu,pardeep sahu,p sahu,0.93,True
Pardeep Sahu,pardeep sahu,p sahu,0.93,True
Pardeep Sahu,pardeep sahu,p sahu,0.93,True
Parthiv Patel,parthiv patel,pa patel,0.93,True
Parthiv Patel,parthiv patel,pa patel,0.93,True
Piyush Chawla,piyush chawla,pp chawla,0.93,True
Patrick Cummins,patrick cummins,pat cummins,0.93,True
Nuwan Thushara ,nuwan thushara,n thushara,0.93,True
Patrick Cummins,patrick cummins,pat cummins,0.93,True
Pawan Negi,pawan negi,p negi,0.93,True
Pawan Negi,pawan negi,p negi,0.93,True
Pawan Negi,pawan negi,p negi,0.93,True
Pawan Negi,pawan negi,p negi,0.93,True
Pawan Negi ,pawan negi,p negi,0.93,True
Pawan Suyal,pawan suyal,p suyal,0.93,True
Pawan Suyal,pawan suyal,p suyal,0.93,True
Peter Handscomb,peter handscomb,psp handscomb,0.93,True
Phil Salt ,phil salt,pd salt,0.93,True
Phil Salt  ,phil salt,pd salt,0.93,True
Piyush Chawla,piyush chawla,pp chawla,0.93,True
Nuwan Thushara  ,nuwan thushara,n thushara,0.93,True
Nitish Rana,nitish rana,n rana,0.93,True
Nathan Coulter-Nile,nathan coulternile,nm coulternile,0.93,True
Nehal Wadhera,nehal wadhera,n wadhera,0.93,True
Nathan Coulter-Nile,nathan coulternile,nm coulternile,0.93,True
Nathan Coulter-Nile,nathan coulternile,nm coulternile,0.93,True
Nathan Coulter-Nile ,nathan coulternile,nm coulternile,0.93,True
Nathan Coulter-Nile ,nathan coulternile,nm coulternile,0.93,True
Nathan Ellis ,nathan ellis,nt ellis,0.93,True
Prabhsimran Singh,prabhsimran singh,p simran singh,0.93,True
Michael Hussey,michael hussey,mek hussey,0.93,True
Nathan Ellis  ,nathan ellis,nt ellis,0.93,True
Nathu Singh,nathu singh,nb singh,0.93,True
Nathu Singh,nathu singh,nb singh,0.93,True
Nathu Singh,nathu singh,nb singh,0.93,True
Nehal Wadhera ,nehal wadhera,n wadhera,0.93,True
Nic Maddinson,nic maddinson,nj maddinson,0.93,True
Nitish Rana ,nitish rana,n rana,0.93,True
Nicholas Pooran ,nicholas pooran,n pooran,0.93,True
Nicholas Pooran ,nicholas pooran,n pooran,0.93,True
Prabhsimran Singh,prabhsimran singh,p simran singh,0.93,True
Piyush Chawla ,piyush chawla,pp chawla,0.93,True
Nicolas Pooran,nicolas pooran,n pooran,0.93,True
Nicolas Pooran,nicolas pooran,n pooran,0.93,True
Nikhil Shankar Naik,nikhil shankar naik,ns naik,0.93,True
Nikhil Shankar Naik,nikhil shankar naik,ns naik,0.93,True
Nikhil Shankar Naik,nikhil shankar naik,ns naik,0.93,True
Piyush Chawla ,piyush chawla,pp chawla,0.93,True
Nitish Rana,nitish rana,n rana,0.93,True
Nitish Rana,nitish rana,n rana,0.93,True
Milind Kumar,milind kumar,monu kumar,0.93,True
Abhishek Nayar,abhishek nayar,am nayar,0.93,True
Michael Hussey,michael hussey,mek hussey,0.93,True
Kulwant Khejroliya ,kulwant khejroliya,k khejroliya,0.93,True
Krunal Pandya,krunal pandya,kh pandya,0.93,True
Krunal Pandya,krunal pandya,kh pandya,0.93,True
Krunal Pandya ,krunal pandya,kh pandya,0.93,True
Krunal Pandya,krunal pandya,kh pandya,0.93,True
Kshitiz Sharma,kshitiz sharma,ks sharma,0.93,True
Adam Milne  ,adam milne,af milne,0.93,True
Kuldeep  Sen,kuldeep sen,kr sen,0.93,True
Kuldeep Singh Yadav,kuldeep singh yadav,kuldeep yadav,0.93,True
Kuldeep Singh Yadav,kuldeep singh yadav,kuldeep yadav,0.93,True
Kuldip Yadav ,kuldip yadav,kuldeep yadav,0.93,True
Kuldip Yadav ,kuldip yadav,kuldeep yadav,0.93,True
Kulwant Khejroliya,kulwant khejroliya,k khejroliya,0.93,True
Kulwant Khejroliya,kulwant khejroliya,k khejroliya,0.93,True
Kulwant Khejroliya,kulwant khejroliya,k khejroliya,0.93,True
Krishnappa Gowtham,krishnappa gowtham,k gowtham,0.93,True
Kumar Kartikeya Singh,kumar kartikeya singh,karanveer singh,0.93,True
Kunal Rathore ,kunal rathore,ks rathore,0.93,True
Kunal Rathore,kunal rathore,ks rathore,0.93,True
Kwena Maphaka  ,kwena maphaka,kt maphaka,0.93,True
Kyle Abbott,kyle abbott,kj abbott,0.93,True
Kyle Abbott,kyle abbott,kj abbott,0.93,True
Kyle Jamieson ,kyle jamieson,ka jamieson,0.93,True
Kyle Jamieson ,kyle jamieson,ka jamieson,0.93,True
Kyle Mayers ,kyle mayers,kr mayers,0.93,True
Lakshmipathy Balaji,lakshmipathy balaji,l balaji,0.93,True
Laxmi Ratan Shukla,laxmi ratan shukla,lr shukla,0.93,True
Laxmi Ratan Shukla,laxmi ratan shukla,lr shukla,0.93,True
Liam Livingstone,liam livingstone,ls livingstone,0.93,True
Krismar Santokie,krismar santokie,k santokie,0.93,True
Krishnappa Gowtham,krishnappa gowtham,k gowtham,0.93,True
Liam Livingstone ,liam livingstone,ls livingstone,0.93,True
Karun Nair,karun nair,kk nair,0.93,True
Kane Richardson,kane richardson,kw richardson,0.93,True
Kane Richardson,kane richardson,kw richardson,0.93,True
Kane Williamson,kane williamson,ks williamson,0.93,True
Kane Williamson,kane williamson,ks williamson,0.93,True
Kane Williamson ,kane williamson,ks williamson,0.93,True
Karan Sharma ,karan sharma,ks sharma,0.93,True
Karn Sharma,karn sharma,ks sharma,0.93,True
Karn Sharma,karn sharma,ks sharma,0.93,True
Karn Sharma,karn sharma,ks sharma,0.93,True
Karn Sharma ,karn sharma,ks sharma,0.93,True
Karn Sharma,karn sharma,ks sharma,0.93,True
Karun Nair,karun nair,kk nair,0.93,True
Karun Nair,karun nair,kk nair,0.93,True
Karun Nair ,karun nair,kk nair,0.93,True
Krishnappa Gowtham,krishnappa gowtham,k gowtham,0.93,True
Karun Nair ,karun nair,kk nair,0.93,True
Karun Nair,karun nair,kk nair,0.93,True
Kedar Jadhav,kedar jadhav,km jadhav,0.93,True
Kedar Jadhav,kedar jadhav,km jadhav,0.93,True
Kedar Jadhav ,kedar jadhav,km jadhav,0.93,True
Keemo Paul,keemo paul,kma paul,0.93,True
Kevin Pietersen,kevin pietersen,kp pietersen,0.93,True
Kevin Pietersen,kevin pietersen,kp pietersen,0.93,True
Kevin Pietersen,kevin pietersen,kp pietersen,0.93,True
Kevon Cooper,kevon cooper,kk cooper,0.93,True
Kieron Pollard,kieron pollard,ka pollard,0.93,True
Kona Srikar Bharat,kona srikar bharat,ks bharat,0.93,True
Kona Srikar Bharat ,kona srikar bharat,ks bharat,0.93,True
Liam Livingstone ,liam livingstone,ls livingstone,0.93,True
Liam Livingstone  ,liam livingstone,ls livingstone,0.93,True
Mayank Yadav ,mayank yadav,mp yadav,0.93,True
Marcus Stoinis  ,marcus stoinis,mp stoinis,0.93,True
Manoj Tiwary,manoj tiwary,mk tiwary,0.93,True
Manoj Tiwary,manoj tiwary,mk tiwary,0.93,True
Manpreet Gony,manpreet gony,ms gony,0.93,True
Manprit Juneja,manprit juneja,mc juneja,0.93,True
Manvinder Bisla,manvinder bisla,ms bisla,0.93,True
Marchant De Lange,marchant de lange,m de lange,0.93,True
Marco Jansen ,marco jansen,m jansen,0.93,True
Marco Jansen ,marco jansen,m jansen,0.93,True
Marco Jansen  ,marco jansen,m jansen,0.93,True
Marcus Stoinis,marcus stoinis,mp stoinis,0.93,True
Marcus Stoinis,marcus stoinis,mp stoinis,0.93,True
Marcus Stoinis,marcus stoinis,mp stoinis,0.93,True
Marcus Stoinis,marcus stoinis,mp stoinis,0.93,True
Mark Wood,mark wood,ma wood,0.93,True
Manoj Bhandage,manoj bhandage,ms bhandage,0.93,True
Mark Wood ,mark wood,ma wood,0.93,True
Martin Guptill,martin guptill,mj guptill,0.93,True
Martin Guptill,martin guptill,mj guptill,0.93,True
Matt Henry,matt henry,mj henry,0.93,True
Matt Henry,matt henry,mj henry,0.93,True
Matthew Breetzke  ,matthew breetzke,mp breetzke,0.93,True
Matthew Wade ,matthew wade,ms wade,0.93,True
Mayank Agarwal,mayank agarwal,ma agarwal,0.93,True
Mayank Agarwal,mayank agarwal,ma agarwal,0.93,True
Mayank Agarwal ,mayank agarwal,ma agarwal,0.93,True
Mayank Markande,mayank markande,m markande,0.93,True
Mayank Markande ,mayank markande,m markande,0.93,True
Mayank Markande,mayank markande,m markande,0.93,True
Manoj Tiwary,manoj tiwary,mk tiwary,0.93,True
Manoj Bhandage ,manoj bhandage,ms bhandage,0.93,True
Lizaad Williams  ,lizaad williams,lb williams,0.93,True
Mahipal Lomror,mahipal lomror,mk lomror,0.93,True
Lockie Ferguson ,lockie ferguson,lh ferguson,0.93,True
Lockie Ferguson ,lockie ferguson,lh ferguson,0.93,True
Lockie Ferguson ,lockie ferguson,lh ferguson,0.93,True
Lockie Ferguson ,lockie ferguson,lh ferguson,0.93,True
Lockie Ferguson  ,lockie ferguson,lh ferguson,0.93,True
Lukman Hussain Meriwala ,lukman hussain meriwala,li meriwala,0.93,True
Lungisani Ngidi,lungisani ngidi,l ngidi,0.93,True
Lungisani Ngidi ,lungisani ngidi,l ngidi,0.93,True
Lungisani Ngidi  ,lungisani ngidi,l ngidi,0.93,True
Madhav Tiwari,madhav tiwari,m tiwari,0.93,True
Maheesh Theekshana ,maheesh theekshana,m theekshana,0.93,True
Maheesh Theekshana  ,maheesh theekshana,m theekshana,0.93,True
Mahipal Lomror,mahipal lomror,mk lomror,0.93,True
Mahipal Lomror ,mahipal lomror,mk lomror,0.93,True
Manish Pandey,manish pandey,mk pandey,0.93,True
Mahipal Lomror,mahipal lomror,mk lomror,0.93,True
Manan Ajay Sharma,manan ajay sharma,mm sharma,0.93,True
Manan Vohra,manan vohra,m vohra,0.93,True
Manan Vohra,manan vohra,m vohra,0.93,True
Manan Vohra ,manan vohra,m vohra,0.93,True
Manav Suthar ,manav suthar,mj suthar,0.93,True
Manav Suthar,manav suthar,mj suthar,0.93,True
Mandeep Hardev Singh,mandeep hardev singh,mandeep singh,0.93,True
Manish Pandey,manish pandey,mk pandey,0.93,True
Manish Pandey,manish pandey,mk pandey,0.93,True
Manish Pandey ,manish pandey,mk pandey,0.93,True
Manish Pandey ,manish pandey,mk pandey,0.93,True
Manish Pandey ,manish pandey,mk pandey,0.93,True
Mayank Markande ,mayank markande,m markande,0.93,True
Pratyush Singh,pratyush singh,p simran singh,0.93,True
Pratham Singh,pratham singh,pankaj singh,0.93,True
Stuart Binny,stuart binny,str binny,0.93,True
Shubham Dubey,shubham dubey,sb dubey,0.93,True
Siddarth Kaul,siddarth kaul,s kaul,0.93,True
Siddarth Kaul,siddarth kaul,s kaul,0.93,True
Siddarth Kaul,siddarth kaul,s kaul,0.93,True
Siddharth  Kaul ,siddharth kaul,s kaul,0.93,True
Siddhesh Dinesh Lad,siddhesh dinesh lad,sd lad,0.93,True
Siddhesh Dinesh Lad,siddhesh dinesh lad,sd lad,0.93,True
Sonu Yadav ,sonu yadav,sa yadav,0.93,True
Spencer Johnson ,spencer johnson,sh johnson,0.93,True
Spencer Johnson  ,spencer johnson,sh johnson,0.93,True
Srikkanth Anirudha,srikkanth anirudha,s anirudha,0.93,True
Steven Smith,steven smith,spd smith,0.93,True
Steven Smith ,steven smith,spd smith,0.93,True
Stuart Binny,stuart binny,str binny,0.93,True
Shrikant Mundhe,shrikant mundhe,ss mundhe,0.93,True
Subramaniam Badrinath,subramaniam badrinath,s badrinath,0.93,True
Sumit Narwal,sumit narwal,s narwal,0.93,True
Suryakumar Yadav,suryakumar yadav,sa yadav,0.93,True
Suryakumar Yadav,suryakumar yadav,sa yadav,0.93,True
Suyash Prabhudessai ,suyash prabhudessai,ss prabhudessai,0.93,True
Syed Khaleel Ahmed,syed khaleel ahmed,shoaib ahmed,0.93,True
Syed Khaleel Ahmed,syed khaleel ahmed,shoaib ahmed,0.93,True
Syed Khaleel Ahmed ,syed khaleel ahmed,shoaib ahmed,0.93,True
Syed Khaleel Ahmed,syed khaleel ahmed,shoaib ahmed,0.93,True
Syed Mehdi Hasan,syed mehdi hasan,shakib al hasan,0.93,True
Tejas Singh Baroka,tejas singh baroka,tejas baroka,0.93,True
Tim David ,tim david,th david,0.93,True
Tim David  ,tim david,th david,0.93,True
Shubham Dubey ,shubham dubey,sb dubey,0.93,True
Shreyas Gopal,shreyas gopal,s gopal,0.93,True
Tim Southee,tim southee,tg southee,0.93,True
Sherfane Rutherford ,sherfane rutherford,se rutherford,0.93,True
Shams Mulani ,shams mulani,sz mulani,0.93,True
Shane Watson,shane watson,sr watson,0.93,True
Shane Watson,shane watson,sr watson,0.93,True
Shardul Narendra Thakur,shardul narendra thakur,sn thakur,0.93,True
Shardul Narendra Thakur,shardul narendra thakur,sn thakur,0.93,True
Shardul Thakur ,shardul thakur,sn thakur,0.93,True
Shardul Thakur ,shardul thakur,sn thakur,0.93,True
Shaun Marsh,shaun marsh,se marsh,0.93,True
Sheldon Cottrell,sheldon cottrell,ss cottrell,0.93,True
Sheldon Jackson,sheldon jackson,sp jackson,0.93,True
Sheldon Jackson ,sheldon jackson,sp jackson,0.93,True
Sheldon Jackson ,sheldon jackson,sp jackson,0.93,True
Sherfane Rutherford,sherfane rutherford,se rutherford,0.93,True
Sherfane Rutherford ,sherfane rutherford,se rutherford,0.93,True
Shreyas Gopal ,shreyas gopal,s gopal,0.93,True
Sherfane Rutherford  ,sherfane rutherford,se rutherford,0.93,True
Shimron Hetmyer,shimron hetmyer,so hetmyer,0.93,True
Shimron Hetmyer,shimron hetmyer,so hetmyer,0.93,True
Shimron Hetmyer ,shimron hetmyer,so hetmyer,0.93,True
Shivalik Sharma ,shivalik sharma,shivam sharma,0.93,True
Shivam Dube,shivam dube,s dube,0.93,True
Shivam Dube ,shivam dube,s dube,0.93,True
Shivam Dube ,shivam dube,s dube,0.93,True
Shivil Kaushik,shivil kaushik,s kaushik,0.93,True
Shreevats Goswami,shreevats goswami,sp goswami,0.93,True
Shreyas Gopal,shreyas gopal,s gopal,0.93,True
Shreyas Gopal,shreyas gopal,s gopal,0.93,True
Shreyas Gopal ,shreyas gopal,s gopal,0.93,True
Tim Seifert ,tim seifert,tl seifert,0.93,True
Tim Southee,tim southee,tg southee,0.93,True
Pratham Singh ,pratham singh,pankaj singh,0.93,True
Wayne Parnell,wayne parnell,wd parnell,0.93,True
Vidwath Kaverappa ,vidwath kaverappa,v kaverappa,0.93,True
Vignesh Puthur,vignesh puthur,v puthur,0.93,True
Vijay Shankar,vijay shankar,v shankar,0.93,True
Vijay Shankar,vijay shankar,v shankar,0.93,True
Vijay Shankar,vijay shankar,v shankar,0.93,True
Vijay Shankar ,vijay shankar,v shankar,0.93,True
Vijay Shankar,vijay shankar,v shankar,0.93,True
Vijay Zol,vijay zol,vh zol,0.93,True
Vikramjeet Malik,vikramjeet malik,vs malik,0.93,True
Vikramjeet Malik,vikramjeet malik,vs malik,0.93,True
Vipraj Nigam,vipraj nigam,v nigam,0.93,True
Virender Sehwag,virender sehwag,v sehwag,0.93,True
Vishwanath Pratap Singh ,vishwanath pratap singh,v pratap singh,0.93,True
Will Jacks ,will jacks,wg jacks,0.93,True
Varun Aaron ,varun aaron,vr aaron,0.93,True
Will Jacks  ,will jacks,wg jacks,0.93,True
Xavier Bartlett  ,xavier bartlett,xc bartlett,0.93,True
Yash Dhull ,yash dhull,yv dhull,0.93,True
Yashasvi Jaiswal,yashasvi jaiswal,ybk jaiswal,0.93,True
Yogesh Takawale,yogesh takawale,yv takawale,0.93,True
Yusuf Pathan,yusuf pathan,yk pathan,0.93,True
Yusuf Pathan,yusuf pathan,yk pathan,0.93,True
Yuzvendra Chahal ,yuzvendra chahal,ys chahal,0.93,True
Yuzvendra Chahal,yuzvendra chahal,ys chahal,0.93,True
Yuzvendra Singh Chahal,yuzvendra singh chahal,ys chahal,0.93,True
Yuzvendra Singh Chahal,yuzvendra singh chahal,ys chahal,0.93,True
Zaheer Khan,zaheer khan,z khan,0.93,True
Zaheer Khan,zaheer khan,z khan,0.93,True
Veer Pratap Singh,veer pratap singh,v pratap singh,0.93,True
Varun Aaron,varun aaron,vr aaron,0.93,True
Tim Southee,tim southee,tg southee,0.93,True
Tymal Mills,tymal mills,ts mills,0.93,True
Tim Southee ,tim southee,tg southee,0.93,True
Tirumalasetti Suman,tirumalasetti suman,tl suman,0.93,True
Tom Banton,tom banton,t banton,0.93,True
Tom Curran,tom curran,tk curran,0.93,True
Tom Curran ,tom curran,tk curran,0.93,True
Tom Curran ,tom curran,tk curran,0.93,True
Travis Head,travis head,tm head,0.93,True
Travis Head,travis head,tm head,0.93,True
Travis Head ,travis head,tm head,0.93,True
Tristan Stubbs ,tristan stubbs,t stubbs,0.93,True
Tushar Deshpande,tushar deshpande,tu deshpande,0.93,True
Tushar Deshpande ,tushar deshpande,tu deshpande,0.93,True
Tushar Deshpande,tushar deshpande,tu deshpande,0.93,True
Tymal Mills ,tymal mills,ts mills,0.93,True
Varun Aaron,varun aaron,vr aaron,0.93,True
Umesh Yadav,umesh yadav,ut yadav,0.93,True
Umesh Yadav,umesh yadav,ut yadav,0.93,True
Umesh Yadav ,umesh yadav,ut yadav,0.93,True
Umesh Yadav ,umesh yadav,ut yadav,0.93,True
Umesh Yadav ,umesh yadav,ut yadav,0.93,True
Unmukt Chand,unmukt chand,ubt chand,0.93,True
Upendra Singh Yadav ,upendra singh yadav,ut yadav,0.93,True
Vaibhav Arora ,vaibhav arora,vg arora,0.93,True
Vaibhav Arora ,vaibhav arora,vg arora,0.93,True
Vaibhav Arora ,vaibhav arora,vg arora,0.93,True
Vaibhav Arora,vaibhav arora,vg arora,0.93,True
Vaibhav Suryavanshi,vaibhav suryavanshi,v suryavanshi,0.93,True
Varun Aaron,varun aaron,vr aaron,0.93,True
Shamar Joseph  ,shamar joseph,s joseph,0.93,True
Shaik Rasheed,shaik rasheed,sk rasheed,0.93,True
Shaik Rasheed ,shaik rasheed,sk rasheed,0.93,True
Rajvardhan Hangargekar ,rajvardhan hangargekar,rs hangargekar,0.93,True
Rahul Tewatia,rahul tewatia,r tewatia,0.93,True
Rahul Tewatia ,rahul tewatia,r tewatia,0.93,True
Rahul Tripathi,rahul tripathi,ra tripathi,0.93,True
Rahul Tripathi,rahul tripathi,ra tripathi,0.93,True
Rahul Tripathi ,rahul tripathi,ra tripathi,0.93,True
Rahul Tripathi,rahul tripathi,ra tripathi,0.93,True
Raj Angad Bawa ,raj angad bawa,ra bawa,0.93,True
Raj Angad Bawa,raj angad bawa,ra bawa,0.93,True
Rajagopal Sathish,rajagopal sathish,r sathish,0.93,True
Rajan Kumar ,rajan kumar,r vinay kumar,0.93,True
Rajat Bhatia,rajat bhatia,r bhatia,0.93,True
Rajat Bhatia,rajat bhatia,r bhatia,0.93,True
Rajat Patidar ,rajat patidar,rm patidar,0.93,True
Rajvardhan Hangargekar,rajvardhan hangargekar,rs hangargekar,0.93,True
Rahul Tewatia,rahul tewatia,r tewatia,0.93,True
Ramesh Kumar ,ramesh kumar,r vinay kumar,0.93,True
Ranganath Vinay Kumar,ranganath vinay kumar,r vinay kumar,0.93,True
Ranganath Vinay Kumar,ranganath vinay kumar,r vinay kumar,0.93,True
Ravi Bopara,ravi bopara,rs bopara,0.93,True
Ravi Rampaul,ravi rampaul,r rampaul,0.93,True
Reece Topley ,reece topley,rjw topley,0.93,True
Reece Topley  ,reece topley,rjw topley,0.93,True
Ricky Bhui,ricky bhui,rk bhui,0.93,True
Ricky Bhui,ricky bhui,rk bhui,0.93,True
Ricky Bhui ,ricky bhui,rk bhui,0.93,True
Rilee Rossouw ,rilee rossouw,rr rossouw,0.93,True
Rilee Rossouw ,rilee rossouw,rr rossouw,0.93,True
Riley Meredith ,riley meredith,rp meredith,0.93,True
Rahul Tewatia,rahul tewatia,r tewatia,0.93,True
Rahul Shukla,rahul shukla,r shukla,0.93,True
Shai Hope ,shai hope,sd hope,0.93,True
Prerak Mankad ,prerak mankad,pn mankad,0.93,True
Pratyush Singh,pratyush singh,p simran singh,0.93,True
Kamlesh Nagarkoti,kamlesh nagarkoti,kl nagarkoti,0.93,True
Praveen Dubey,praveen dubey,p dubey,0.93,True
Praveen Dubey,praveen dubey,p dubey,0.93,True
Praveen Kumar,praveen kumar,p kumar,0.93,True
Praveen Kumar,praveen kumar,p kumar,0.93,True
Pravin Dubey ,pravin dubey,p dubey,0.93,True
Pravin Dubey,pravin dubey,p dubey,0.93,True
Pravin Tambe,pravin tambe,pv tambe,0.93,True
Pravin Tambe,pravin tambe,pv tambe,0.93,True
Pravin Tambe,pravin tambe,pv tambe,0.93,True
Pravin Tambe,pravin tambe,pv tambe,0.93,True
Prayas Ray Barman,prayas ray barman,p ray barman,0.93,True
Prerak Mankad ,prerak mankad,pn mankad,0.93,True
Rahul Sharma,rahul sharma,r sharma,0.93,True
Prince Balwant Rai Singh,prince balwant rai singh,pankaj singh,0.93,True
Prithvi Shaw,prithvi shaw,pp shaw,0.93,True
Priyam Garg,priyam garg,pk garg,0.93,True
Priyam  Garg ,priyam garg,pk garg,0.93,True
Rachin Ravindra ,rachin ravindra,r ravindra,0.93,True
Rachin Ravindra  ,rachin ravindra,r ravindra,0.93,True
Raghav Goyal ,raghav goyal,r goyal,0.93,True
Rahul Ajay Tripathi,rahul ajay tripathi,ra tripathi,0.93,True
Rahul Chahar,rahul chahar,rd chahar,0.93,True
Rahul Chahar,rahul chahar,rd chahar,0.93,True
Rahul Chahar ,rahul chahar,rd chahar,0.93,True
Rahul Chahar,rahul chahar,rd chahar,0.93,True
Rahul Sharma,rahul sharma,r sharma,0.93,True
Riley Meredith ,riley meredith,rp meredith,0.93,True
Rinku Singh,rinku singh,rk singh,0.93,True
Rinku Singh,rinku singh,rk singh,0.93,True
Saurabh Tiwary,saurabh tiwary,ss tiwary,0.93,True
Samuel Badree,samuel badree,s badree,0.93,True
Sandeep Lamichhane,sandeep lamichhane,s lamichhane,0.93,True
Sanjay Yadav,sanjay yadav,sa yadav,0.93,True
Sanjay Yadav ,sanjay yadav,sa yadav,0.93,True
Sanju Samson,sanju samson,sv samson,0.93,True
Sanju Samson,sanju samson,sv samson,0.93,True
Sarabjit Ladda,sarabjit ladda,s ladda,0.93,True
Sarfaraz Khan ,sarfaraz khan,sn khan,0.93,True
Sarfaraz Naushad Khan,sarfaraz naushad khan,sn khan,0.93,True
Sarfaraz Naushad Khan,sarfaraz naushad khan,sn khan,0.93,True
Saurabh Dubey ,saurabh dubey,sb dubey,0.93,True
Saurabh Kumar,saurabh kumar,sumit kumar,0.93,True
Saurabh Kumar ,saurabh kumar,sumit kumar,0.93,True
Saurabh Tiwary,saurabh tiwary,ss tiwary,0.93,True
Rinku Singh ,rinku singh,rk singh,0.93,True
Saurabh Tiwary,saurabh tiwary,ss tiwary,0.93,True
Saurabh Tiwary,saurabh tiwary,ss tiwary,0.93,True
Scott Boland,scott boland,sm boland,0.93,True
Sean Abbott,sean abbott,sa abbott,0.93,True
Sean Abbott ,sean abbott,sa abbott,0.93,True
Shadab Jakati,shadab jakati,sb jakati,0.93,True
Shadab Jakati,shadab jakati,sb jakati,0.93,True
Shahbaz Nadeem,shahbaz nadeem,s nadeem,0.93,True
Shahbaz Nadeem,shahbaz nadeem,s nadeem,0.93,True
Shahbaz Nadeem ,shahbaz nadeem,s nadeem,0.93,True
Shahrukh Khan ,shahrukh khan,sn khan,0.93,True
Shahrukh Khan ,shahrukh khan,sn khan,0.93,True
Shahrukh Khan ,shahrukh khan,sn khan,0.93,True
Samuel Badree,samuel badree,s badree,0.93,True
Sam Billings  ,sam billings,sw billings,0.93,True
Sam Billings ,sam billings,sw billings,0.93,True
Sam Billings,sam billings,sw billings,0.93,True
Ripal Patel ,ripal patel,rv patel,0.93,True
Ripal Patel ,ripal patel,rv patel,0.93,True
Rishi Dhawan,rishi dhawan,r dhawan,0.93,True
Rishi Dhawan,rishi dhawan,r dhawan,0.93,True
Rishi Dhawan ,rishi dhawan,r dhawan,0.93,True
Riyan Parag,riyan parag,r parag,0.93,True
Riyan Parag ,riyan parag,r parag,0.93,True
Robin Minz ,robin minz,r minz,0.93,True
Robin Minz,robin minz,r minz,0.93,True
Robin Uthappa,robin uthappa,rv uthappa,0.93,True
Robin Uthappa,robin uthappa,rv uthappa,0.93,True
Robin Uthappa,robin uthappa,rv uthappa,0.93,True
Robin Uthappa ,robin uthappa,rv uthappa,0.93,True
Romario Shepherd ,romario shepherd,r shepherd,0.93,True
Romario Shepherd ,romario shepherd,r shepherd,0.93,True
Romario Shepherd  ,romario shepherd,r shepherd,0.93,True
Ronit More,ronit more,rg more,0.93,True
Rovman Powell,rovman powell,r powell,0.93,True
Rovman Powell ,rovman powell,r powell,0.93,True
Rovman Powell ,rovman powell,r powell,0.93,True
Rovman Powell  ,rovman powell,r powell,0.93,True
Rudra Pratap Singh,rudra pratap singh,rp singh,0.93,True
Ruturaj Gaikwad ,ruturaj gaikwad,rd gaikwad,0.93,True
Ryan Rickelton  ,ryan rickelton,rd rickelton,0.93,True
Sachin Rana,sachin rana,s rana,0.93,True
Sagar Trivedi,sagar trivedi,sk trivedi,0.93,True
Sam Billings,sam billings,sw billings,0.93,True
Kane Richardson,kane richardson,kw richardson,0.93,True
Kuldeep  Sen ,kuldeep sen,kr sen,0.93,True
Kamlesh Nagarkoti ,kamlesh nagarkoti,kl nagarkoti,0.93,True
Carlos Brathwaite,carlos brathwaite,cr brathwaite,0.93,True
Billy Stanlake,billy stanlake,b stanlake,0.93,True
Brad Hodge,brad hodge,bj hodge,0.93,True
Brendon McCullum,brendon mccullum,bb mccullum,0.93,True
Brendon McCullum,brendon mccullum,bb mccullum,0.93,True
Mukul Choudhary,mukul choudhary,mukesh choudhary,0.93,True
Moises Henriques,moises henriques,mc henriques,0.93,True
Cameron Green ,cameron green,c green,0.93,True
Michael Clarke,michael clarke,mj clarke,0.93,True
Carlos Brathwaite,carlos brathwaite,cr brathwaite,0.93,True
Carlos Brathwaite,carlos brathwaite,cr brathwaite,0.93,True
Mayank Rawat,mayank rawat,m rawat,0.93,True
Chris Green,chris green,c green,0.93,True
Matthew Short  ,matthew short,mw short,0.93,True
Matt Henry  ,matt henry,mj henry,0.93,True
Matheesha Pathirana  ,matheesha pathirana,m pathirana,0.93,True
Manpreet Gony,manpreet gony,ms gony,0.93,True
Mangesh Yadav,mangesh yadav,mp yadav,0.93,True
Chetan Sakariya ,chetan sakariya,c sakariya,0.93,True
Chetan Sakariya ,chetan sakariya,c sakariya,0.93,True
Chetan Sakariya ,chetan sakariya,c sakariya,0.93,True
Cheteshwar Pujara,cheteshwar pujara,ca pujara,0.93,True
Cheteshwar Pujara,cheteshwar pujara,ca pujara,0.93,True
Billy Stanlake,billy stanlake,b stanlake,0.93,True
Bhuvneshwar Kumar,bhuvneshwar kumar,b kumar,0.93,True
Bhuvneshwar Kumar ,bhuvneshwar kumar,b kumar,0.93,True
Bhuvneshwar Kumar,bhuvneshwar kumar,b kumar,0.93,True
Barinder Singh Sran,barinder singh sran,bb sran,0.93,True
Barinder Singh Sran,barinder singh sran,bb sran,0.93,True
Barinder Singh Sran,barinder singh sran,bb sran,0.93,True
Ben Cutting,ben cutting,bcj cutting,0.93,True
Prithvi Shaw,prithvi shaw,pp shaw,0.93,True
Ben Cutting,ben cutting,bcj cutting,0.93,True
Ben Cutting,ben cutting,bcj cutting,0.93,True
Ben Cutting ,ben cutting,bcj cutting,0.93,True
Ben Dunk,ben dunk,br dunk,0.93,True
Kamlesh Nagarkoti,kamlesh nagarkoti,kl nagarkoti,0.93,True
Pravin Dubey,pravin dubey,p dubey,0.93,True
Prashant Solanki,prashant solanki,ph solanki,0.93,True
Ben Hilfenhaus,ben hilfenhaus,bw hilfenhaus,0.93,True
Ben Laughlin,ben laughlin,b laughlin,0.93,True
Ben Laughlin,ben laughlin,b laughlin,0.93,True
Ben Stokes ,ben stokes,ba stokes,0.93,True
Benjamin Stokes,benjamin stokes,ba stokes,0.93,True
Benjamin Stokes,benjamin stokes,ba stokes,0.93,True
Beuran Hendricks,beuran hendricks,be hendricks,0.93,True
Nathan McCullum,nathan mccullum,nl mccullum,0.93,True
Nathan Coulter-Nile,nathan coulternile,nm coulternile,0.93,True
Lungisani Ngidi  ,lungisani ngidi,l ngidi,0.93,True
Chris Jordan,chris jordan,cj jordan,0.93,True
Rahul Chahar,rahul chahar,rd chahar,0.93,True
Darren Sammy,darren sammy,djg sammy,0.93,True
Daniel Christian,daniel christian,dt christian,0.93,True
Daniel Sams ,daniel sams,dr sams,0.93,True
Daniel Sams ,daniel sams,dr sams,0.93,True
Luke Pomersbach,luke pomersbach,la pomersbach,0.93,True
Liam Livingstone  ,liam livingstone,ls livingstone,0.93,True
Darcy Short,darcy short,djm short,0.93,True
Darren Bravo,darren bravo,dwayne bravo,0.93,True
Darren Sammy,darren sammy,djg sammy,0.93,True
Kyle Jamieson  ,kyle jamieson,ka jamieson,0.93,True
Darren Sammy,darren sammy,djg sammy,0.93,True
Darshan Nalkande,darshan nalkande,dg nalkande,0.93,True
Chris Jordan,chris jordan,cj jordan,0.93,True
Darshan Nalkande ,darshan nalkande,dg nalkande,0.93,True
Aiden Markram  ,aiden markram,ak markram,0.93,True
Daryl Mitchell ,daryl mitchell,dj mitchell,0.93,True
Daryl Mitchell ,daryl mitchell,dj mitchell,0.93,True
David Miller,david miller,da miller,0.93,True
David Miller,david miller,da miller,0.93,True
David Miller ,david miller,da miller,0.93,True
David Miller  ,david miller,da miller,0.93,True
David Warner,david warner,da warner,0.93,True
David Warner ,david warner,da warner,0.93,True
Daniel Christian,daniel christian,dt christian,0.93,True
Dan Christian ,dan christian,dt christian,0.93,True
Dale Steyn,dale steyn,dw steyn,0.93,True
Dale Steyn,dale steyn,dw steyn,0.93,True
Chris Jordan,chris jordan,cj jordan,0.93,True
Chris Jordan ,chris jordan,cj jordan,0.93,True
Chris Lynn,chris lynn,ca lynn,0.93,True
Chris Lynn,chris lynn,ca lynn,0.93,True
Chris Lynn,chris lynn,ca lynn,0.93,True
Chris Woakes,chris woakes,cr woakes,0.93,True
Chris Woakes,chris woakes,cr woakes,0.93,True
Chris Woakes,chris woakes,cr woakes,0.93,True
Chris Woakes  ,chris woakes,cr woakes,0.93,True
Christopher Gayle,christopher gayle,ch gayle,0.93,True
Christopher Morris,christopher morris,ch morris,0.93,True
Christopher Morris,christopher morris,ch morris,0.93,True
Christopher Morris,christopher morris,ch morris,0.93,True
Christopher Morris ,christopher morris,ch morris,0.93,True
Colin De Grandhomme,colin de grandhomme,c de grandhomme,0.93,True
Luke Wood  ,luke wood,l wood,0.93,True
Colin Ingram,colin ingram,ca ingram,0.93,True
Colin Munro,colin munro,c munro,0.93,True
Colin Munro,colin munro,c munro,0.93,True
Corey Anderson,corey anderson,cj anderson,0.93,True
Corey Anderson,corey anderson,cj anderson,0.93,True
Rachin Ravindra  ,rachin ravindra,r ravindra,0.93,True
Baba Indrajith ,baba indrajith,b indrajith,0.93,True
David Wiese ,david wiese,d wiese,0.93,True
Andre Russell,andre russell,ad russell,0.93,True
Ambati Rayudu,ambati rayudu,at rayudu,0.93,True
Ambati Rayudu ,ambati rayudu,at rayudu,0.93,True
Amit Mishra,amit mishra,a mishra,0.93,True
Amit Mishra,amit mishra,a mishra,0.93,True
Amit Mishra,amit mishra,a mishra,0.93,True
Amit Mishra,amit mishra,a mishra,0.93,True
Amit Mishra,amit mishra,a mishra,0.93,True
Adam Milne ,adam milne,af milne,0.93,True
Amit Mishra ,amit mishra,a mishra,0.93,True
Amit Paunikar,amit paunikar,ag paunikar,0.93,True
Adam Milne ,adam milne,af milne,0.93,True
Aniket Choudhary,aniket choudhary,a choudhary,0.93,True
Andrew Tye,andrew tye,aj tye,0.93,True
Andrew Tye,andrew tye,aj tye,0.93,True
Andrew Tye,andrew tye,aj tye,0.93,True
Andrew Tye,andrew tye,aj tye,0.93,True
Adam Milne,adam milne,af milne,0.93,True
Angelo Mathews,angelo mathews,ad mathews,0.93,True
Abu Nechim Ahmed,abu nechim ahmed,an ahmed,0.93,True
Angelo Mathews,angelo mathews,ad mathews,0.93,True
Angkrish Raghuvanshi ,angkrish raghuvanshi,a raghuvanshi,0.93,True
Angkrish Raghuvanshi,angkrish raghuvanshi,a raghuvanshi,0.93,True
Aman Khan ,aman khan,aman hakim khan,0.93,True
Adam Zampa,adam zampa,a zampa,0.93,True
Alzarri Joseph ,alzarri joseph,as joseph,0.93,True
Alzarri Joseph ,alzarri joseph,as joseph,0.93,True
Aiden Markram ,aiden markram,ak markram,0.93,True
Aiden Blizzard,aiden blizzard,ac blizzard,0.93,True
Ajinkya Rahane,ajinkya rahane,am rahane,0.93,True
Ajinkya Rahane ,ajinkya rahane,am rahane,0.93,True
Ajinkya Rahane ,ajinkya rahane,am rahane,0.93,True
Aditya Tare,aditya tare,ap tare,0.93,True
Ajinkya Rahane,ajinkya rahane,am rahane,0.93,True
Aditya Tare,aditya tare,ap tare,0.93,True
Akeal Hosein ,akeal hosein,aj hosein,0.93,True
Aditya Tare,aditya tare,ap tare,0.93,True
Akshar Rajesh Patel,akshar rajesh patel,ar patel,0.93,True
Aditya Tare,aditya tare,ap tare,0.93,True
Adil Rashid ,adil rashid,au rashid,0.93,True
Akshdeep Nath,akshdeep nath,ad nath,0.93,True
Akshdeep Nath,akshdeep nath,ad nath,0.93,True
Akshdeep Nath,akshdeep nath,ad nath,0.93,True
Akshdeep Nath,akshdeep nath,ad nath,0.93,True
Alex Carey,alex carey,at carey,0.93,True
Alex Hales  ,alex hales,ad hales,0.93,True
Adam Zampa  ,adam zampa,a zampa,0.93,True
Adam Zampa ,adam zampa,a zampa,0.93,True
Aniket Choudhary,aniket choudhary,a choudhary,0.93,True
Abhishek Nayar,abhishek nayar,am nayar,0.93,True
Rahul Tripathi,rahul tripathi,ra tripathi,0.93,True
Ashok Dinda,ashok dinda,ab dinda,0.93,True
Tom Banton  ,tom banton,t banton,0.93,True
Tim Seifert  ,tim seifert,tl seifert,0.93,True
Sudeep Tyagi,sudeep tyagi,s tyagi,0.93,True
Shivang Kumar,shivang kumar,sumit kumar,0.93,True
Sarfaraz Khan,sarfaraz khan,sn khan,0.93,True
Ashish Nehra,ashish nehra,a nehra,0.93,True
Ryan McLaren,ryan mclaren,r mclaren,0.93,True
Ashish Nehra,ashish nehra,a nehra,0.93,True
Ashish Reddy,ashish reddy,a ashish reddy,0.93,True
Ashok Dinda,ashok dinda,ab dinda,0.93,True
Ashok Sharma ,ashok sharma,abhishek sharma,0.93,True
Abhinav Manohar,abhinav manohar,a manohar,0.93,True
Ashok Sharma,ashok sharma,abhishek sharma,0.93,True
Ashton Turner,ashton turner,aj turner,0.93,True
Ashton Turner ,ashton turner,aj turner,0.93,True
Rudra Pratap Singh,rudra pratap singh,rp singh,0.93,True
Ricky Ponting,ricky ponting,rt ponting,0.93,True
Ravi Singh,ravi singh,rk singh,0.93,True
Avinash Singh ,avinash singh,akash singh,0.93,True
Axar Rajesh Patel,axar rajesh patel,ar patel,0.93,True
Ayush Badoni ,ayush badoni,a badoni,0.93,True
Ravi Rampaul,ravi rampaul,r rampaul,0.93,True
Vignesh Puthur,vignesh puthur,v puthur,0.93,True
Aaron Finch,aaron finch,aj finch,0.93,True
Arshin Kulkarni,arshin kulkarni,aa kulkarni,0.93,True
Arshin Kulkarni ,arshin kulkarni,aa kulkarni,0.93,True
Abhinandan Singh,abhinandan singh,anirudh singh,0.93,True
Ankit Nagendra Sharma,ankit nagendra sharma,ankit sharma,0.93,True
Ankit Singh Rajpoot,ankit singh rajpoot,as rajpoot,0.93,True
Ankit Singh Rajpoot,ankit singh rajpoot,as rajpoot,0.93,True
Ankit Singh Rajpoot ,ankit singh rajpoot,as rajpoot,0.93,True
Abhimanyu Mithun,abhimanyu mithun,a mithun,0.93,True
Abhimanyu Mithun,abhimanyu mithun,a mithun,0.93,True
Abhijeet Tomar ,abhijeet tomar,a tomar,0.93,True
Aaron Finch,aaron finch,aj finch,0.93,True
Anrich Nortje,anrich nortje,a nortje,0.93,True
Anrich Nortje  ,anrich nortje,a nortje,0.93,True
Ansh Patel ,ansh patel,ar patel,0.93,True
Anshul Kamboj ,anshul kamboj,a kamboj,0.93,True
Anshul Kamboj,anshul kamboj,a kamboj,0.93,True
Anukul Roy,anukul roy,as roy,0.93,True
Anukul Roy ,anukul roy,as roy,0.93,True
Anukul Roy,anukul roy,as roy,0.93,True
Anunay Singh ,anunay singh,a singh,0.93,True
Aaron Finch,aaron finch,aj finch,0.93,True
Aaron Finch,aaron finch,aj finch,0.93,True
Aaron Finch,aaron finch,aj finch,0.93,True
David Wiese,david wiese,d wiese,0.93,True
Darshan Nalkande,darshan nalkande,dg nalkande,0.93,True
David Willey  ,david willey,dj willey,0.93,True
Jake Fraser-Mcgurk  ,jake frasermcgurk,j frasermcgurk,0.93,True
Ishant Sharma,ishant sharma,i sharma,0.93,True
Ishant Sharma,ishant sharma,i sharma,0.93,True
Ishant Sharma ,ishant sharma,i sharma,0.93,True
Ishant Sharma,ishant sharma,i sharma,0.93,True
Ishwar Chandra Pandey,ishwar chandra pandey,ic pandey,0.93,True
Ishwar Chandra Pandey,ishwar chandra pandey,ic pandey,0.93,True
Isuru Udana,isuru udana,i udana,0.93,True
Jacob Bethell  ,jacob bethell,jg bethell,0.93,True
Jacques Kallis,jacques kallis,jh kallis,0.93,True
Jagadeesha Suchith ,jagadeesha suchith,j suchith,0.93,True
Jalaj Saxena,jalaj saxena,jalaj s saxena,0.93,True
Ishank Jaggi,ishank jaggi,ir jaggi,0.93,True
Jalaj Saxena,jalaj saxena,jalaj s saxena,0.93,True
Jalaj Saxena,jalaj saxena,jalaj s saxena,0.93,True
Jalaj Saxena ,jalaj saxena,jalaj s saxena,0.93,True
James Neesham,james neesham,jds neesham,0.93,True
James Neesham,james neesham,jds neesham,0.93,True
James Neesham,james neesham,jds neesham,0.93,True
James Neesham ,james neesham,jds neesham,0.93,True
James Neesham ,james neesham,jds neesham,0.93,True
Jamie Overton  ,jamie overton,j overton,0.93,True
Jason Behrendorff,jason behrendorff,jp behrendorff,0.93,True
Ishant Sharma,ishant sharma,i sharma,0.93,True
Ishank Jaggi,ishank jaggi,ir jaggi,0.93,True
Jason Holder,jason holder,jo holder,0.93,True
Heinrich Klaasen ,heinrich klaasen,h klaasen,0.93,True
Daniel Christian,daniel christian,dt christian,0.93,True
Harry Brook ,harry brook,hc brook,0.93,True
Harry Brook  ,harry brook,hc brook,0.93,True
Harry Gurney,harry gurney,hf gurney,0.93,True
David Willey  ,david willey,dj willey,0.93,True
Harshal Patel,harshal patel,hv patel,0.93,True
Harshal Patel ,harshal patel,hv patel,0.93,True
Harshal Patel ,harshal patel,hv patel,0.93,True
Harshal Patel,harshal patel,hv patel,0.93,True
Heinrich Klaasen,heinrich klaasen,h klaasen,0.93,True
Himanshu Sharma ,himanshu sharma,h sharma,0.93,True
Cameron Green  ,cameron green,c green,0.93,True
Himmat Singh,himmat singh,harmeet singh,0.93,True
Himmat Singh,himmat singh,harmeet singh,0.93,True
Hrithik Shokeen ,hrithik shokeen,hr shokeen,0.93,True
Irfan Pathan,irfan pathan,ik pathan,0.93,True
Irfan Pathan,irfan pathan,ik pathan,0.93,True
Irfan Pathan,irfan pathan,ik pathan,0.93,True
Ishan Porel,ishan porel,ic porel,0.93,True
Ishan Porel ,ishan porel,ic porel,0.93,True
Clinton McKay,clinton mckay,cj mckay,0.93,True
Christopher Morris,christopher morris,ch morris,0.93,True
Jason Behrendorff ,jason behrendorff,jp behrendorff,0.93,True
Jason Holder,jason holder,jo holder,0.93,True
Darren Sammy,darren sammy,djg sammy,0.93,True
Jonny Bairstow ,jonny bairstow,jm bairstow,0.93,True
Jean-Paul Duminy,jeanpaul duminy,jp duminy,0.93,True
Jean-Paul Duminy,jeanpaul duminy,jp duminy,0.93,True
Amit Kumar,amit kumar,ashwani kumar,0.93,True
Jhye Richardson ,jhye richardson,ja richardson,0.93,True
Aman Khan,aman khan,aman hakim khan,0.93,True
Jhye Richardson ,jhye richardson,ja richardson,0.93,True
Jhye Richardson ,jhye richardson,ja richardson,0.93,True
Joe Denly ,joe denly,jl denly,0.93,True
John Hastings,john hastings,jw hastings,0.93,True
John Hastings,john hastings,jw hastings,0.93,True
Jonny Bairstow  ,jonny bairstow,jm bairstow,0.93,True
Jaydev Unadkat ,jaydev unadkat,jd unadkat,0.93,True
Josh Inglis  ,josh inglis,jp inglis,0.93,True
Joshua Little ,joshua little,j little,0.93,True
Joshua Philippe,joshua philippe,jr philippe,0.93,True
Juan Theron,juan theron,j theron,0.93,True
Akila Dananjaya,akila dananjaya,a dananjaya,0.93,True
Kagiso Rabada,kagiso rabada,k rabada,0.93,True
Kagiso Rabada,kagiso rabada,k rabada,0.93,True
Kagiso Rabada ,kagiso rabada,k rabada,0.93,True
Kagiso Rabada  ,kagiso rabada,k rabada,0.93,True
Akeal Hosein  ,akeal hosein,aj hosein,0.93,True
Jaydev Unadkat,jaydev unadkat,jd unadkat,0.93,True
Jaydev Unadkat ,jaydev unadkat,jd unadkat,0.93,True
Jason Holder ,jason holder,jo holder,0.93,True
Jayant Yadav ,jayant yadav,j yadav,0.93,True
Jason Holder ,jason holder,jo holder,0.93,True
Jason Roy,jason roy,jj roy,0.93,True
Jason Roy,jason roy,jj roy,0.93,True
Jason Roy,jason roy,jj roy,0.93,True
Jason Roy  ,jason roy,jj roy,0.93,True
Jasprit Bumrah,jasprit bumrah,jj bumrah,0.93,True
Jatin Saxena,jatin saxena,jalaj s saxena,0.93,True
Brijesh Sharma,brijesh sharma,bipul sharma,0.93,True
Jayant Yadav,jayant yadav,j yadav,0.93,True
Jayant Yadav,jayant yadav,j yadav,0.93,True
Jayant Yadav,jayant yadav,j yadav,0.93,True
Jaydev Unadkat ,jaydev unadkat,jd unadkat,0.93,True
Ben Laughlin,ben laughlin,b laughlin,0.93,True
Jaydev Unadkat,jaydev unadkat,jd unadkat,0.93,True
Jaydev Unadkat,jaydev unadkat,jd unadkat,0.93,True
Jaydev Unadkat,jaydev unadkat,jd unadkat,0.93,True
Jaydev Unadkat,jaydev unadkat,jd unadkat,0.93,True
Jaydev Unadkat,jaydev unadkat,jd unadkat,0.93,True
Jaydev Unadkat,jaydev unadkat,jd unadkat,0.93,True
Ashok Sharma,ashok sharma,abhishek sharma,0.93,True
Anrich Nortje  ,anrich nortje,a nortje,0.93,True
Jaydev Unadkat,jaydev unadkat,jd unadkat,0.93,True
Harry Brook ,harry brook,hc brook,0.93,True
Harshal Patel,harshal patel,hv patel,0.93,True
David Miller  ,david miller,da miller,0.93,True
Evin Lewis,evin lewis,e lewis,0.93,True
Kane Richardson,kane richardson,kw richardson,0.93,True
Josh Inglis  ,josh inglis,jp inglis,0.93,True
Johan Botha,johan botha,j botha,0.93,True
Dinesh Salunkhe,dinesh salunkhe,d salunkhe,0.93,True
Dishant Yagnik,dishant yagnik,dh yagnik,0.93,True
Jesse Ryder,jesse ryder,jd ryder,0.93,True
Jaydev Unadkat,jaydev unadkat,jd unadkat,0.93,True
Donovan Ferreira ,donovan ferreira,d ferreira,0.93,True
Donovan Ferreira  ,donovan ferreira,d ferreira,0.93,True
Jason Holder  ,jason holder,jo holder,0.93,True
Jason Holder,jason holder,jo holder,0.93,True
James Faulkner,james faulkner,jp faulkner,0.93,True
Dwaine Pretorius ,dwaine pretorius,d pretorius,0.93,True
Dwayne Smith,dwayne smith,dr smith,0.93,True
Eklavya Dwivedi,eklavya dwivedi,er dwivedi,0.93,True
Eklavya Dwivedi,eklavya dwivedi,er dwivedi,0.93,True
Eklavya Dwivedi,eklavya dwivedi,er dwivedi,0.93,True
Eoin Morgan,eoin morgan,ejg morgan,0.93,True
Eoin Morgan,eoin morgan,ejg morgan,0.93,True
Eoin Morgan,eoin morgan,ejg morgan,0.93,True
Jacob Oram,jacob oram,jdp oram,0.93,True
Dhruv Shorey,dhruv shorey,dr shorey,0.93,True
Dhawal Kulkarni,dhawal kulkarni,ds kulkarni,0.93,True
Dhawal Kulkarni,dhawal kulkarni,ds kulkarni,0.93,True
Deepak Hooda,deepak hooda,dj hooda,0.93,True
Dawid Malan ,dawid malan,dj malan,0.93,True
Debabrata Das,debabrata das,db das,0.93,True
Deepak Chahar,deepak chahar,dl chahar,0.93,True
Deepak Chahar,deepak chahar,dl chahar,0.93,True
Deepak Chahar ,deepak chahar,dl chahar,0.93,True
Deepak Chahar,deepak chahar,dl chahar,0.93,True
Deepak Hooda,deepak hooda,dj hooda,0.93,True
Deepak Hooda,deepak hooda,dj hooda,0.93,True
Deepak Hooda,deepak hooda,dj hooda,0.93,True
Deepak Hooda ,deepak hooda,dj hooda,0.93,True
Dhawal Kulkarni,dhawal kulkarni,ds kulkarni,0.93,True
Deepak Hooda,deepak hooda,dj hooda,0.93,True
Kuldeep Sen,kuldeep sen,kr sen,0.93,True
Kartik Sharma,kartik sharma,ks sharma,0.93,True
Devdutt Padikkal,devdutt padikkal,d padikkal,0.93,True
Devdutt Padikkal ,devdutt padikkal,d padikkal,0.93,True
Devdutt Padikkal,devdutt padikkal,d padikkal,0.93,True
Devon Conway ,devon conway,dp conway,0.93,True
Devon Conway  ,devon conway,dp conway,0.93,True
Dewald Brevis ,dewald brevis,d brevis,0.93,True
Eshan Malinga  ,eshan malinga,e malinga,0.93,True
Dwayne Smith,dwayne smith,dr smith,0.93,True
Glenn Maxwell  ,glenn maxwell,gj maxwell,0.93,True
Gautam Gambhir,gautam gambhir,g gambhir,0.93,True
Glenn Maxwell,glenn maxwell,gj maxwell,0.93,True
Glenn Maxwell,glenn maxwell,gj maxwell,0.93,True
Glenn Maxwell,glenn maxwell,gj maxwell,0.93,True
Gerald Coetzee  ,gerald coetzee,g coetzee,0.93,True
Gerald Coetzee ,gerald coetzee,g coetzee,0.93,True
Glenn Phillips  ,glenn phillips,gd phillips,0.93,True
Gurinder Sandhu,gurinder sandhu,gs sandhu,0.93,True
Gurjapneet Singh,gurjapneet singh,gurkeerat singh,0.93,True
Gurnoor Singh Brar,gurnoor singh brar,gurnoor brar,0.93,True
Glenn Maxwell,glenn maxwell,gj maxwell,0.93,True
Finn Allen  ,finn allen,fa allen,0.93,True
George Bailey,george bailey,gj bailey,0.93,True
Glenn Phillips ,glenn phillips,gd phillips,0.93,True
Fidel Edwards,fidel edwards,fh edwards,0.93,True
Glenn Maxwell ,glenn maxwell,gj maxwell,0.93,True
Dirk Nannes,dirk nannes,dp nannes,0.93,True
Hardik Pandya,hardik pandya,hh pandya,0.93,True
Evin Lewis ,evin lewis,e lewis,0.93,True
Fabian Allen,fabian allen,fa allen,0.93,True
Fabian Allen ,fabian allen,fa allen,0.93,True
Fabian Allen ,fabian allen,fa allen,0.93,True
Faf Du Plessis,faf du plessis,f du plessis,0.93,True
Faf Du Plessis,faf du plessis,f du plessis,0.93,True
Faf Du Plessis ,faf du plessis,f du plessis,0.93,True
Faf Du Plessis  ,faf du plessis,f du plessis,0.93,True
Farhaan Behardien,farhaan behardien,f behardien,0.93,True
Finn Allen ,finn allen,fa allen,0.93,True
Venugopal Rao,venugopal rao,y venugopal rao,0.9285714285714286,True
Saurav Chuahan ,saurav chuahan,saurav chauhan,0.9285714285714286,True
M.S. Washington Sundar,ms washington sundar,washington sundar,0.918918918918919,True
Naveen Ul Haq ,naveen ul haq,naveenulhaq,0.9166666666666666,True
N. Tilak Varma ,n tilak varma,tilak varma,0.9166666666666666,True
Shahbaz Ahamad ,shahbaz ahamad,shahbaz ahmed,0.8888888888888888,True
Shahbaz Ahamad,shahbaz ahamad,shahbaz ahmed,0.8888888888888888,True
Shahbaz Ahamad,shahbaz ahamad,shahbaz ahmed,0.8888888888888888,True
Gurkeerat Singh Mann,gurkeerat singh mann,gurkeerat singh,0.8571428571428571,False
Gurkeerat Singh Mann,gurkeerat singh mann,gurkeerat singh,0.8571428571428571,False
Suyash Prabhudesai ,suyash prabhudesai,ss prabhudessai,0.8484848484848485,False
Rassie Van Der Dussen ,rassie van der dussen,he van der dussen,0.8421052631578947,False
Sayan Ghosh,sayan ghosh,an ghosh,0.8421052631578947,False
Sayan Ghosh,sayan ghosh,an ghosh,0.8421052631578947,False
Utkarsh Singh ,utkarsh singh,akash singh,0.8333333333333334,False
Tanmay Agarwal,tanmay agarwal,ma agarwal,0.8333333333333334,False
Tanmay Agarwal,tanmay agarwal,ma agarwal,0.8333333333333334,False
Akila Dhananjaya,akila dhananjaya,a dananjaya,0.8148148148148148,False
Vihaan Malhotra,vihaan malhotra,i malhotra,0.8,False
Naman Tiwari,naman tiwari,m tiwari,0.8,False
HS Sharath,hs sharath,br sharath,0.8,False
Harpreet Bhatia ,harpreet bhatia,harpreet brar,0.7857142857142857,False
Rashid Khan Arman,rashid khan arman,rashid khan,0.7857142857142857,False
Rashid Khan Arman,rashid khan arman,rashid khan,0.7857142857142857,False
Akshat Raghuwanshi,akshat raghuwanshi,a raghuvanshi,0.7741935483870968,False
Gurkirat Singh Mann,gurkirat singh mann,gurkeerat singh,0.7647058823529411,False
Tanmay Mishra,tanmay mishra,a mishra,0.7619047619047619,False
Albie Morkel,albie morkel,ja morkel,0.7619047619047619,False
Albie Morkel,albie morkel,ja morkel,0.7619047619047619,False
Umang Sharma,umang sharma,rg sharma,0.7619047619047619,False
Mohammad Izhar,mohammad izhar,mohammad hafeez,0.7586206896551724,False
Midhun S,midhun s,s midhun,0.75,False
Brad Hogg,brad hogg,gb hogg,0.75,False
Dinesh  Karthik ,dinesh karthik,kd karthik,0.75,False
Dinesh Karthik,dinesh karthik,kd karthik,0.75,False
Dinesh Karthik,dinesh karthik,kd karthik,0.75,False
Dinesh Karthik,dinesh karthik,kd karthik,0.75,False
Dinesh Karthik,dinesh karthik,kd karthik,0.75,False
Lasith Malinga,lasith malinga,sl malinga,0.75,False
Pavan Deshpande,pavan deshpande,tu deshpande,0.7407407407407407,False
Prince Choudhary ,prince choudhary,a choudhary,0.7407407407407407,False
Pavan Deshpande,pavan deshpande,tu deshpande,0.7407407407407407,False
Yuvraj Chaudhary,yuvraj chaudhary,a choudhary,0.7407407407407407,False
R Samarth ,r samarth,p amarnath,0.7368421052631579,False
Prithvi Raj Yarra,prithvi raj yarra,y prithvi raj,0.7333333333333333,False
Bhanuka Rajapaksa ,bhanuka rajapaksa,pbb rajapaksa,0.7333333333333333,False
Vyshak Vijaykumar,vyshak vijaykumar,dp vijaykumar,0.7333333333333333,False
Rasikh Dar,rasikh dar,rasikh salam,0.7272727272727273,False
Hanuma Vihari,hanuma vihari,gh vihari,0.7272727272727273,False
Jack Edwards  ,jack edwards,fh edwards,0.7272727272727273,False
Rasikh Dar,rasikh dar,rasikh salam,0.7272727272727273,False
Rasikh Dar ,rasikh dar,rasikh salam,0.7272727272727273,False
Rasikh Dar ,rasikh dar,rasikh salam,0.7272727272727273,False
Ross Taylor,ross taylor,lrpl taylor,0.7272727272727273,False
Sushant Mishra,sushant mishra,a mishra,0.7272727272727273,False
Sushant Mishra ,sushant mishra,a mishra,0.7272727272727273,False
Hanuma Vihari,hanuma vihari,gh vihari,0.7272727272727273,False
Andre Siddarth,andre siddarth,m siddharth,0.72,False
Tejasvi Singh,tejasvi singh,sanvir singh,0.72,False
Kamindu Mendis  ,kamindu mendis,phkd mendis,0.72,False
Vishal Nishad,vishal nishad,ishan kishan,0.72,False
Ajantha Mendis,ajantha mendis,bmaj mendis,0.72,False
Sakib Hussain ,sakib hussain,shakib al hasan,0.7142857142857143,False
Sakib Hussain,sakib hussain,shakib al hasan,0.7142857142857143,False
Mohammed Azharudeen ,mohammed azharudeen,mohammad hafeez,0.7058823529411765,False
Abdul P A ,abdul p a,abdul samad,0.7,False
Baba Aparajith,baba aparajith,ab barath,0.6956521739130435,False
Baba Aparajith,baba aparajith,ab barath,0.6956521739130435,False
Brendan Taylor,brendan taylor,je taylor,0.6956521739130435,False
Jeevan Mendis,jeevan mendis,baw mendis,0.6956521739130435,False
Mujeeb Zadran,mujeeb zadran,mujeeb ur rahman,0.6896551724137931,False
Prithviraj Yarra,prithviraj yarra,y prithvi raj,0.6896551724137931,False
Chaitanya Bishnoi,chaitanya bishnoi,ravi bishnoi,0.6896551724137931,False
Tanay Thyagarajann ,tanay thyagarajann,t natarajan,0.6896551724137931,False
Mujeeb Zadran ,mujeeb zadran,mujeeb ur rahman,0.6896551724137931,False
Aditya Garhwal,aditya garhwal,ma agarwal,0.6666666666666666,False
Pankaj Jaswal,pankaj jaswal,ybk jaiswal,0.6666666666666666,False
Dilshan Madushanka ,dilshan madushanka,ishan kishan,0.6666666666666666,False
Jaydev Shah,jaydev shah,oa shah,0.6666666666666666,False
Yudhvir Charak ,yudhvir charak,yudhvir singh,0.6666666666666666,False
Yudhvir Charak ,yudhvir charak,yudhvir singh,0.6666666666666666,False
Shubham Ranjane,shubham ranjane,am rahane,0.6666666666666666,False
Yudhvir Charak,yudhvir charak,yudhvir singh,0.6666666666666666,False
Atharva Ankolekar,atharva ankolekar,atharva taide,0.6666666666666666,False
Digvesh Singh,digvesh singh,akash singh,0.6666666666666666,False
Akshay Wakhare,akshay wakhare,shoaib akhtar,0.6666666666666666,False
Sandeep Bavanaka,sandeep bavanaka,sandeep sharma,0.6666666666666666,False
Ajay Mandal ,ajay mandal,akash madhwal,0.6666666666666666,False
Armaan Jaffer,armaan jaffer,w jaffer,0.6666666666666666,False
Dushmanta Chameera ,dushmanta chameera,pvd chameera,0.6666666666666666,False
Ajay Mandal,ajay mandal,akash madhwal,0.6666666666666666,False
Gus Atkinson ,gus atkinson,sr watson,0.6666666666666666,False
Shubam Agrawal,shubam agrawal,ss agarwal,0.6666666666666666,False
Ankeet Bawane,ankeet bawane,ar bawne,0.6666666666666666,False
Hardus Viljoen,hardus viljoen,gc viljoen,0.6666666666666666,False
M. Harisankar Reddy,m harisankar reddy,nithish kumar reddy,0.6486486486486487,False
Domnic Joseph Muthuswamy,domnic joseph muthuswamy,dj muthuswami,0.6486486486486487,False
Shrijith Krishnan,shrijith krishnan,m prasidh krishna,0.6470588235294118,False
Dushmantha Chameera,dushmantha chameera,pvd chameera,0.6451612903225806,False
Dushmantha Chameera  ,dushmantha chameera,pvd chameera,0.6451612903225806,False
Kanishk Chouhan,kanishk chouhan,mukesh choudhary,0.6451612903225806,False
Nishant Sindhu,nishant sindhu,shashank singh,0.6428571428571429,False
Nishant Sindhu ,nishant sindhu,shashank singh,0.6428571428571429,False
Akash Vashisht ,akash vashisht,akash singh,0.64,False
Thisara Perera,thisara perera,nltc perera,0.64,False
Thisara Perera,thisara perera,nltc perera,0.64,False
Ankush Bains,ankush bains,tanush kotian,0.64,False
Ramakrishna Ghosh,ramakrishna ghosh,an ghosh,0.64,False
Ankush Bains,ankush bains,tanush kotian,0.64,False
Ankush Bains,ankush bains,tanush kotian,0.64,False
Ankush Bains,ankush bains,tanush kotian,0.64,False
Thisara Perera,thisara perera,nltc perera,0.64,False
Shubham Garhwal ,shubham garhwal,ss agarwal,0.64,False
Sarthak Ranjan,sarthak ranjan,anand rajan,0.64,False
Joel Paris,joel paris,jl pattinson,0.6363636363636364,False
Baltej Dhanda ,baltej dhanda,ubt chand,0.6363636363636364,False
Jordan Cox  ,jordan cox,cj jordan,0.631578947368421,False
Salil Arora,salil arora,vg arora,0.631578947368421,False
Barinder Singh Saran,barinder singh saran,karanveer singh,0.6285714285714286,False
Sachithra Senanayaka,sachithra senanayaka,smsm senanayake,0.6285714285714286,False
Sayan Sekhar Mandal,sayan sekhar mandal,suyash sharma,0.625,False
Manvanth Kumar L,manvanth kumar l,pm sarvesh kumar,0.625,False
Shelley Shaurya,shelley shaurya,sandeep sharma,0.6206896551724138,False
Bevan John Jacobs  ,bevan john jacobs,dj jacobs,0.6153846153846154,False
Pathum Nissanka  ,pathum nissanka,m pathirana,0.6153846153846154,False
Ashwin Hebbar ,ashwin hebbar,ashwani kumar,0.6153846153846154,False
Yash Raj Punja,yash raj punja,harshit rana,0.6153846153846154,False
Akshay Karnewar,akshay karnewar,arshad khan,0.6153846153846154,False
Danish Malewar,danish malewar,da miller,0.6086956521739131,False
Kanishk Seth,kanishk seth,akash singh,0.6086956521739131,False
Daksh Kamra,daksh kamra,mukesh kumar,0.6086956521739131,False
Manzoor Dar,manzoor dar,mayank dagar,0.6086956521739131,False
Prashant Veer,prashant veer,p prasanth,0.6086956521739131,False
Aaron Hardie  ,aaron hardie,f behardien,0.6086956521739131,False
Anirudha Ashok Joshi,anirudha ashok joshi,anirudh singh,0.6060606060606061,False
Anirudha Ashok Joshi,anirudha ashok joshi,anirudh singh,0.6060606060606061,False
Benny Howell ,benny howell,r powell,0.6,False
Kusal Janith Perera,kusal janith perera,nltc perera,0.6,False
Onkar Tarmale,onkar tarmale,ap tare,0.6,False
Pyla Avinash,pyla avinash,l ablish,0.6,False
Vikas Tokas,vikas tokas,ba stokes,0.6,False
Chama Milind,chama milind,af milne,0.6,False
Chama Milind,chama milind,af milne,0.6,False
Chama Milind ,chama milind,af milne,0.6,False
Aneeshwar Gautam ,aneeshwar gautam,sandeep sharma,0.6,False
K.K. Jiyaz,kk jiyaz,k khejroliya,0.6,False
Abid Mushtaq ,abid mushtaq,a mishra,0.6,False
Zak Foulkes  ,zak foulkes,ba stokes,0.6,False
Aman Rao Perala,aman rao perala,kamran akmal,0.5925925925925926,False
Sushant Marathe,sushant marathe,mohit rathee,0.5925925925925926,False
Varun Chakaravarthy,varun chakaravarthy,kb arun karthik,0.5882352941176471,False
Auqib Dar,auqib dar,ab dinda,0.5882352941176471,False
Subhranshu Senapati ,subhranshu senapati,suryansh shedge,0.5882352941176471,False
Varun Chakaravarthy,varun chakaravarthy,kb arun karthik,0.5882352941176471,False
Philip Hughes,philip hughes,jr philippe,0.5833333333333334,False
Allah  Ghazanfar  ,allah ghazanfar,aa chavan,0.5833333333333334,False
Bhagath Varma ,bhagath varma,tilak varma,0.5833333333333334,False
Ben Dwarshuis  ,ben dwarshuis,se marsh,0.5714285714285714,False
Vansh Bedi,vansh bedi,harsh dubey,0.5714285714285714,False
Harnoor Pannu,harnoor pannu,n pooran,0.5714285714285714,False
Sahil Parakh,sahil parakh,rs bopara,0.5714285714285714,False
Brydon Carse  ,brydon carse,rd chahar,0.5714285714285714,False
Bandaru Ayyappa,bandaru ayyappa,sikandar raza,0.5714285714285714,False
Ben Dwarshuis,ben dwarshuis,se marsh,0.5714285714285714,False
Nidheesh M D Dinesan,nidheesh m d dinesan,nj maddinson,0.5625,False
Asela Gunarathna,asela gunarathna,ab barath,0.56,False
Agnivesh Ayachi,agnivesh ayachi,yash dayal,0.56,False
K.Bhagath Varma ,kbhagath varma,tilak varma,0.56,False
K.Bhagath Varma,kbhagath varma,tilak varma,0.56,False
Samarth Vyas ,samarth vyas,vijaykumar vyshak,0.5517241379310345,False
Swastik Chhikara ,swastik chhikara,suyash sharma,0.5517241379310345,False
Swastik Chhikara,swastik chhikara,suyash sharma,0.5517241379310345,False
Javon Searless,javon searless,ad hales,0.5454545454545454,False
Ben Duckett  ,ben duckett,le plunkett,0.5454545454545454,False
Tripurana Vijay,tripurana vijay,m vijay,0.5454545454545454,False
Yogesh Gowalkar,yogesh gowalkar,s gopal,0.5454545454545454,False
Chirag Suri,chirag suri,virat singh,0.5454545454545454,False
C Hari Nishaanth,c hari nishaanth,br sharath,0.5384615384615384,False
Shishir Bhavane,shishir bhavane,rashid khan,0.5384615384615384,False
Prasanth Padmanabhan,prasanth padmanabhan,p prasanth,0.5333333333333333,False
Digvijay Deshmukh,digvijay deshmukh,vijaykumar vyshak,0.5294117647058824,False
Abhinav Sadarangani ,abhinav sadarangani,b sai sudharsan,0.5294117647058824,False
Aryan Juyal ,aryan juyal,a uniyal,0.5263157894736842,False
Aryan Juyal,aryan juyal,a uniyal,0.5263157894736842,False
Jacob Duffy  ,jacob duffy,sb dubey,0.5263157894736842,False
Deepak Punia,deepak punia,ag paunikar,0.5217391304347826,False
Dominic Drakes ,dominic drakes,liton das,0.5217391304347826,False
Tajinder Dhillon,tajinder dhillon,t henderson,0.5185185185185185,False
Tajinder Dhillon,tajinder dhillon,t henderson,0.5185185185185185,False
Jhathavedh Subramanyan ,jhathavedh subramanyan,jitesh sharma,0.5142857142857142,False
Aryaman Vikram Birla,aryaman vikram birla,aman hakim khan,0.5142857142857142,False
Zahir Khan Pakteen,zahir khan pakteen,hr shokeen,0.5,False
Sharad Lumba ,sharad lumba,r sharma,0.5,False
Asif K M,asif k m,rasikh salam,0.5,False
Christopher Barnwell,christopher barnwell,dt christian,0.5,False
Praful Hinge,praful hinge,af milne,0.5,False
Cooper Connolly  ,cooper connolly,kk cooper,0.5,False
Avanish Rao Aravelly ,avanish rao aravelly,abishek porel,0.48484848484848486,False
Wanindu Hasaranga ,wanindu hasaranga,ankit sharma,0.4827586206896552,False
Wanindu Hasaranga  ,wanindu hasaranga,ankit sharma,0.4827586206896552,False
Wanindu Hasaranga  ,wanindu hasaranga,ankit sharma,0.4827586206896552,False
Wanindu Hasaranga ,wanindu hasaranga,ankit sharma,0.4827586206896552,False
C.Hari Nishaanth ,chari nishaanth,br sharath,0.48,False
Cameron Delport,cameron delport,naman dhir,0.48,False
Apoorv Vijay Wankhade,apoorv vijay wankhade,r vinay kumar,0.47058823529411764,False
Kishore Pramod Kamath,kishore pramod kamath,shivam sharma,0.47058823529411764,False
Apoorv Vijay Wankhade,apoorv vijay wankhade,r vinay kumar,0.47058823529411764,False
Vaibhav Rawal,vaibhav rawal,akash madhwal,0.46153846153846156,False
Writtick Chatterjee ,writtick chatterjee,mohit rathee,0.45161290322580644,False
Vicky Ostwal,vicky ostwal,yv takawale,0.43478260869565216,False
Vicky Ostwal ,vicky ostwal,yv takawale,0.43478260869565216,False
Rahul Buddhi ,rahul buddhi,rk bhui,0.42105263157894735,False
Akhil Arvind Herwadkar,akhil arvind herwadkar,shakib al hasan,0.3783783783783784,False
Chamika Karunaratne ,chamika karunaratne,kb arun karthik,0.35294117647058826,False
Venkata Satyanarayana Penmetsa,venkata satyanarayana penmetsa,t natarajan,0.34146341463414637,False
Milind Tandon,milind tandon,ml hayden,0.2727272727272727,False
Satvik Deswal,satvik deswal,rasikh salam,0.24,False
Krains Fuletra,krains fuletra,kmdn kulasekara,0.20689655172413793,False
Manjot Kalra,manjot kalra,ankit sharma,0.16666666666666666,False
Luvnith Sisodia ,luvnith sisodia,ankit soni,0.16,False
Luvnith Sisodia,luvnith sisodia,ankit soni,0.16,False
